id,timestamp,symbol,direction,action,side,quantity,executed,mode,reason,order_id,fill_price,fill_quantity,entry_price,mark_price,unrealized_pnl,unrealized_pnl_pct,risk_score,decision_confidence,decision_reasoning
127,2026-03-07T12:30:56.963000Z,ZENUSDT,SHORT,SET_SL,BUY,1.8,1,live,SL já existente na Binance (detecção de duplicidade),,5.63592857142857,,5.849,5.411,0.7884,80.94622066161524,7.5,0.25,"[""[AVISO] Posi\u00e7\u00e3o em CROSS MARGIN - todo saldo da conta est\u00e1 em risco"", ""Exposi\u00e7\u00e3o da conta: 0.6% do saldo total"", ""Estrutura bearish com BOS confirmado - favoravel para SHORT"", ""EMAs alinhadas para baixa - tendencia bearish confirmada"", ""SHORT em estrutura favor\u00e1vel (RSI: 28.4, pre\u00e7o abaixo EMAs)"", ""TP/SL calculado com t\u00e9cnico+SMC (SL: SMC_OB+ATR, TP: ATR)""]"
126,2026-03-07T12:28:24.934000Z,XRPUSDT,SHORT,SET_SL,BUY,7.8,1,live,SL já existente na Binance (detecção de duplicidade),,1.3805416675286548,,1.4532,1.36602374,0.67997482,63.81752851115089,7.5,0.25,"[""[AVISO] Posi\u00e7\u00e3o em CROSS MARGIN - todo saldo da conta est\u00e1 em risco"", ""Exposi\u00e7\u00e3o da conta: 0.7% do saldo total"", ""Estrutura bearish com BOS confirmado - favoravel para SHORT"", ""EMAs alinhadas para baixa - tendencia bearish confirmada"", ""SHORT em estrutura favor\u00e1vel (RSI: 32.0, pre\u00e7o abaixo EMAs)"", ""TP/SL calculado com t\u00e9cnico+SMC (SL: SMC_OB+ATR, TP: ATR)""]"
125,2026-03-07T12:25:12.685000Z,BNBUSDT,SHORT,SET_SL,BUY,0.01,1,live,SL já existente na Binance (detecção de duplicidade),,632.2375,,654.78,627.34,0.2744,43.74023655434055,9.0,0.09999999999999998,"[""[AVISO] Posi\u00e7\u00e3o em CROSS MARGIN - todo saldo da conta est\u00e1 em risco"", ""Exposi\u00e7\u00e3o da conta: 0.4% do saldo total"", ""SHORT em estrutura favor\u00e1vel (RSI: 27.6, pre\u00e7o abaixo EMAs)"", ""TP/SL calculado com t\u00e9cnico+SMC (SL: SMC_OB+ATR, TP: ATR)""]"
124,2026-03-07T12:13:28.533000Z,ZENUSDT,SHORT,SET_SL,BUY,1.8,1,live,SL já existente na Binance (detecção de duplicidade),,5.635821428571429,,5.849,5.418,0.7758,79.54964931709118,7.5,0.25,"[""[AVISO] Posi\u00e7\u00e3o em CROSS MARGIN - todo saldo da conta est\u00e1 em risco"", ""Exposi\u00e7\u00e3o da conta: 0.6% do saldo total"", ""Estrutura bearish com BOS confirmado - favoravel para SHORT"", ""EMAs alinhadas para baixa - tendencia bearish confirmada"", ""SHORT em estrutura favor\u00e1vel (RSI: 28.8, pre\u00e7o abaixo EMAs)"", ""TP/SL calculado com t\u00e9cnico+SMC (SL: SMC_OB+ATR, TP: ATR)""]"
123,2026-03-07T12:11:21.695000Z,XRPUSDT,SHORT,SET_SL,BUY,7.8,1,live,SL já existente na Binance (detecção de duplicidade),,1.3804174504004605,,1.4532,1.3644,0.69264,65.08355321020228,7.5,0.25,"[""[AVISO] Posi\u00e7\u00e3o em CROSS MARGIN - todo saldo da conta est\u00e1 em risco"", ""Exposi\u00e7\u00e3o da conta: 0.7% do saldo total"", ""Estrutura bearish com BOS confirmado - favoravel para SHORT"", ""EMAs alinhadas para baixa - tendencia bearish confirmada"", ""SHORT em estrutura favor\u00e1vel (RSI: 31.6, pre\u00e7o abaixo EMAs)"", ""TP/SL calculado com t\u00e9cnico+SMC (SL: SMC_OB+ATR, TP: ATR)""]"
122,2026-03-07T12:08:07.936000Z,BNBUSDT,SHORT,SET_SL,BUY,0.01,1,live,SL já existente na Binance (detecção de duplicidade),,632.3268229124492,,654.78,627.76314612,0.27016853,43.036698103388815,9.0,0.09999999999999998,"[""[AVISO] Posi\u00e7\u00e3o em CROSS MARGIN - todo saldo da conta est\u00e1 em risco"", ""Exposi\u00e7\u00e3o da conta: 0.4% do saldo total"", ""SHORT em estrutura favor\u00e1vel (RSI: 27.8, pre\u00e7o abaixo EMAs)"", ""TP/SL calculado com t\u00e9cnico+SMC (SL: SMC_OB+ATR, TP: ATR)""]"
121,2026-03-07T12:05:31.483000Z,TWTUSDT,SHORT,SET_TP,BUY,25.0,1,live,Refresh por mudança de estrutura (range -> bearish) - TP já existente após refresh,,0.47344932823069,,0.5003,0.48616677,0.35333075,29.070744592436874,7.5,0.25,"[""[AVISO] Posi\u00e7\u00e3o em CROSS MARGIN - todo saldo da conta est\u00e1 em risco"", ""Exposi\u00e7\u00e3o da conta: 0.8% do saldo total"", ""Estrutura bearish com BOS confirmado - favoravel para SHORT"", ""EMAs alinhadas para baixa - tendencia bearish confirmada"", ""SHORT em estrutura favor\u00e1vel (RSI: 39.7, pre\u00e7o abaixo EMAs)"", ""TP/SL calculado com t\u00e9cnico+SMC (SL: SMC_OB+ATR, TP: SMC_LIQUIDITY_SSL)""]"
120,2026-03-07T12:05:31.170000Z,TWTUSDT,SHORT,SET_SL,BUY,25.0,1,live,Refresh por mudança de estrutura (range -> bearish) - SL já existente após refresh,,0.4952047496697072,,0.5003,0.48616677,0.35333075,29.070744592436874,7.5,0.25,"[""[AVISO] Posi\u00e7\u00e3o em CROSS MARGIN - todo saldo da conta est\u00e1 em risco"", ""Exposi\u00e7\u00e3o da conta: 0.8% do saldo total"", ""Estrutura bearish com BOS confirmado - favoravel para SHORT"", ""EMAs alinhadas para baixa - tendencia bearish confirmada"", ""SHORT em estrutura favor\u00e1vel (RSI: 39.7, pre\u00e7o abaixo EMAs)"", ""TP/SL calculado com t\u00e9cnico+SMC (SL: SMC_OB+ATR, TP: SMC_LIQUIDITY_SSL)""]"
119,2026-03-07T11:55:37.145000Z,ZENUSDT,SHORT,SET_SL,BUY,1.8,1,live,SL já existente na Binance (detecção de duplicidade),,5.6386071428571425,,5.849,5.421,0.7704,78.95222283711492,7.5,0.25,"[""[AVISO] Posi\u00e7\u00e3o em CROSS MARGIN - todo saldo da conta est\u00e1 em risco"", ""Exposi\u00e7\u00e3o da conta: 0.6% do saldo total"", ""Estrutura bearish com BOS confirmado - favoravel para SHORT"", ""EMAs alinhadas para baixa - tendencia bearish confirmada"", ""SHORT em estrutura favor\u00e1vel (RSI: 28.3, pre\u00e7o abaixo EMAs)"", ""TP/SL calculado com t\u00e9cnico+SMC (SL: SMC_OB+ATR, TP: ATR)""]"
118,2026-03-07T11:52:59.830000Z,XRPUSDT,SHORT,SET_SL,BUY,7.8,1,live,SL já existente na Binance (detecção de duplicidade),,1.3811714285714283,,1.4532,1.3696,0.65208,61.039719626168235,7.5,0.25,"[""[AVISO] Posi\u00e7\u00e3o em CROSS MARGIN - todo saldo da conta est\u00e1 em risco"", ""Exposi\u00e7\u00e3o da conta: 0.7% do saldo total"", ""Estrutura bearish com BOS confirmado - favoravel para SHORT"", ""EMAs alinhadas para baixa - tendencia bearish confirmada"", ""SHORT em estrutura favor\u00e1vel (RSI: 31.4, pre\u00e7o abaixo EMAs)"", ""TP/SL calculado com t\u00e9cnico+SMC (SL: SMC_OB+ATR, TP: ATR)""]"
117,2026-03-07T11:48:52.813000Z,BNBUSDT,SHORT,SET_SL,BUY,0.01,1,live,SL já existente na Binance (detecção de duplicidade),,632.5203571428572,,654.78,627.95,0.2683,42.726331714308465,9.0,0.09999999999999998,"[""[AVISO] Posi\u00e7\u00e3o em CROSS MARGIN - todo saldo da conta est\u00e1 em risco"", ""Exposi\u00e7\u00e3o da conta: 0.4% do saldo total"", ""SHORT em estrutura favor\u00e1vel (RSI: 26.1, pre\u00e7o abaixo EMAs)"", ""TP/SL calculado com t\u00e9cnico+SMC (SL: SMC_OB+ATR, TP: ATR)""]"
116,2026-03-07T11:36:36.216000Z,ZENUSDT,SHORT,SET_SL,BUY,1.8,1,live,SL já existente na Binance (detecção de duplicidade),,5.640279689931169,,5.849,5.418625,0.774675,79.42513091420794,7.5,0.25,"[""[AVISO] Posi\u00e7\u00e3o em CROSS MARGIN - todo saldo da conta est\u00e1 em risco"", ""Exposi\u00e7\u00e3o da conta: 0.6% do saldo total"", ""Estrutura bearish com BOS confirmado - favoravel para SHORT"", ""EMAs alinhadas para baixa - tendencia bearish confirmada"", ""SHORT em estrutura favor\u00e1vel (RSI: 28.0, pre\u00e7o abaixo EMAs)"", ""TP/SL calculado com t\u00e9cnico+SMC (SL: SMC_OB+ATR, TP: ATR)""]"
115,2026-03-07T11:33:48.406000Z,XRPUSDT,SHORT,SET_SL,BUY,7.8,1,live,SL já existente na Binance (detecção de duplicidade),,1.3814713920830684,,1.4532,1.3701,0.64818,60.652507116268886,7.5,0.25,"[""[AVISO] Posi\u00e7\u00e3o em CROSS MARGIN - todo saldo da conta est\u00e1 em risco"", ""Exposi\u00e7\u00e3o da conta: 0.7% do saldo total"", ""Estrutura bearish com BOS confirmado - favoravel para SHORT"", ""EMAs alinhadas para baixa - tendencia bearish confirmada"", ""SHORT em estrutura favor\u00e1vel (RSI: 31.8, pre\u00e7o abaixo EMAs)"", ""TP/SL calculado com t\u00e9cnico+SMC (SL: SMC_OB+ATR, TP: ATR)""]"
114,2026-03-07T11:29:42.774000Z,BNBUSDT,SHORT,SET_SL,BUY,0.01,1,live,SL já existente na Binance (detecção de duplicidade),,632.5303657437746,,654.78,627.85,0.2693,42.8924106076292,9.0,0.09999999999999998,"[""[AVISO] Posi\u00e7\u00e3o em CROSS MARGIN - todo saldo da conta est\u00e1 em risco"", ""Exposi\u00e7\u00e3o da conta: 0.4% do saldo total"", ""SHORT em estrutura favor\u00e1vel (RSI: 26.0, pre\u00e7o abaixo EMAs)"", ""TP/SL calculado com t\u00e9cnico+SMC (SL: SMC_OB+ATR, TP: ATR)""]"
113,2026-03-07T11:18:32.933000Z,ZENUSDT,SHORT,SET_SL,BUY,1.8,1,live,SL já existente na Binance (detecção de duplicidade),,5.63947878696481,,5.849,5.44492083,0.7273425,74.21212893313394,7.5,0.25,"[""[AVISO] Posi\u00e7\u00e3o em CROSS MARGIN - todo saldo da conta est\u00e1 em risco"", ""Exposi\u00e7\u00e3o da conta: 0.6% do saldo total"", ""Estrutura bearish com BOS confirmado - favoravel para SHORT"", ""EMAs alinhadas para baixa - tendencia bearish confirmada"", ""SHORT em estrutura favor\u00e1vel (RSI: 30.3, pre\u00e7o abaixo EMAs)"", ""TP/SL calculado com t\u00e9cnico+SMC (SL: SMC_OB+ATR, TP: ATR)""]"
112,2026-03-07T11:15:39.305000Z,XRPUSDT,SHORT,SET_SL,BUY,7.8,1,live,SL já existente na Binance (detecção de duplicidade),,1.385731735789764,,1.4532,1.3724599,0.62977278,58.82874975072132,7.5,0.25,"[""[AVISO] Posi\u00e7\u00e3o em CROSS MARGIN - todo saldo da conta est\u00e1 em risco"", ""Exposi\u00e7\u00e3o da conta: 0.7% do saldo total"", ""Estrutura bearish com BOS confirmado - favoravel para SHORT"", ""EMAs alinhadas para baixa - tendencia bearish confirmada"", ""SHORT em estrutura favor\u00e1vel (RSI: 32.6, pre\u00e7o abaixo EMAs)"", ""TP/SL calculado com t\u00e9cnico+SMC (SL: SMC_OB+ATR, TP: ATR)""]"
111,2026-03-07T11:11:38.877000Z,BNBUSDT,SHORT,SET_SL,BUY,0.01,1,live,SL já existente na Binance (detecção de duplicidade),,632.5332492388549,,654.78,626.50285332,0.28277146,45.13490377601972,9.0,0.09999999999999998,"[""[AVISO] Posi\u00e7\u00e3o em CROSS MARGIN - todo saldo da conta est\u00e1 em risco"", ""Exposi\u00e7\u00e3o da conta: 0.4% do saldo total"", ""SHORT em estrutura favor\u00e1vel (RSI: 25.2, pre\u00e7o abaixo EMAs)"", ""TP/SL calculado com t\u00e9cnico+SMC (SL: SMC_OB+ATR, TP: ATR)""]"
110,2026-03-07T10:58:52.274000Z,ZENUSDT,SHORT,SET_SL,BUY,1.8,1,live,SL já existente na Binance (detecção de duplicidade),,5.638250000000001,,5.849,5.422,0.7686,78.75322759129473,7.5,0.25,"[""[AVISO] Posi\u00e7\u00e3o em CROSS MARGIN - todo saldo da conta est\u00e1 em risco"", ""Exposi\u00e7\u00e3o da conta: 0.6% do saldo total"", ""Estrutura bearish com BOS confirmado - favoravel para SHORT"", ""EMAs alinhadas para baixa - tendencia bearish confirmada"", ""SHORT em estrutura favor\u00e1vel (RSI: 28.4, pre\u00e7o abaixo EMAs)"", ""TP/SL calculado com t\u00e9cnico+SMC (SL: SMC_OB+ATR, TP: ATR)""]"
109,2026-03-07T10:56:41.064000Z,XRPUSDT,SHORT,SET_SL,BUY,7.8,1,live,SL já existente na Binance (detecção de duplicidade),,1.3811599182220269,,1.4532,1.36573448,0.68223105,64.04284325513201,7.5,0.25,"[""[AVISO] Posi\u00e7\u00e3o em CROSS MARGIN - todo saldo da conta est\u00e1 em risco"", ""Exposi\u00e7\u00e3o da conta: 0.6% do saldo total"", ""Estrutura bearish com BOS confirmado - favoravel para SHORT"", ""EMAs alinhadas para baixa - tendencia bearish confirmada"", ""SHORT em estrutura favor\u00e1vel (RSI: 29.5, pre\u00e7o abaixo EMAs)"", ""TP/SL calculado com t\u00e9cnico+SMC (SL: SMC_OB+ATR, TP: ATR)""]"
108,2026-03-07T10:53:32.627000Z,BNBUSDT,SHORT,SET_SL,BUY,0.01,1,live,SL já existente na Binance (detecção de duplicidade),,632.5243453203693,,654.78,626.51252203,0.28267477,45.11877417614718,9.0,0.09999999999999998,"[""[AVISO] Posi\u00e7\u00e3o em CROSS MARGIN - todo saldo da conta est\u00e1 em risco"", ""Exposi\u00e7\u00e3o da conta: 0.4% do saldo total"", ""SHORT em estrutura favor\u00e1vel (RSI: 25.2, pre\u00e7o abaixo EMAs)"", ""TP/SL calculado com t\u00e9cnico+SMC (SL: SMC_OB+ATR, TP: ATR)""]"
107,2026-03-07T10:41:09.927000Z,ZENUSDT,SHORT,SET_SL,BUY,1.8,1,live,SL já existente na Binance (detecção de duplicidade),,5.63825,,5.849,5.425,0.7632,78.15668202764977,7.5,0.25,"[""[AVISO] Posi\u00e7\u00e3o em CROSS MARGIN - todo saldo da conta est\u00e1 em risco"", ""Exposi\u00e7\u00e3o da conta: 0.6% do saldo total"", ""Estrutura bearish com BOS confirmado - favoravel para SHORT"", ""EMAs alinhadas para baixa - tendencia bearish confirmada"", ""SHORT em estrutura favor\u00e1vel (RSI: 28.6, pre\u00e7o abaixo EMAs)"", ""TP/SL calculado com t\u00e9cnico+SMC (SL: SMC_OB+ATR, TP: ATR)""]"
106,2026-03-07T10:38:57.808000Z,XRPUSDT,SHORT,SET_SL,BUY,7.8,1,live,SL já existente na Binance (detecção de duplicidade),,1.3810481885475838,,1.4532,1.36602312,0.67997966,63.81801172382755,7.5,0.25,"[""[AVISO] Posi\u00e7\u00e3o em CROSS MARGIN - todo saldo da conta est\u00e1 em risco"", ""Exposi\u00e7\u00e3o da conta: 0.6% do saldo total"", ""Estrutura bearish com BOS confirmado - favoravel para SHORT"", ""EMAs alinhadas para baixa - tendencia bearish confirmada"", ""SHORT em estrutura favor\u00e1vel (RSI: 29.6, pre\u00e7o abaixo EMAs)"", ""TP/SL calculado com t\u00e9cnico+SMC (SL: SMC_OB+ATR, TP: ATR)""]"
105,2026-03-07T10:34:49.592000Z,BNBUSDT,SHORT,SET_SL,BUY,0.01,1,live,SL já existente na Binance (detecção de duplicidade),,632.5313461039998,,654.78,627.61735641,0.27162643,43.27898634826092,9.0,0.09999999999999998,"[""[AVISO] Posi\u00e7\u00e3o em CROSS MARGIN - todo saldo da conta est\u00e1 em risco"", ""Exposi\u00e7\u00e3o da conta: 0.4% do saldo total"", ""SHORT em estrutura favor\u00e1vel (RSI: 25.7, pre\u00e7o abaixo EMAs)"", ""TP/SL calculado com t\u00e9cnico+SMC (SL: SMC_OB+ATR, TP: ATR)""]"
104,2026-03-07T10:22:26.069000Z,ZENUSDT,SHORT,SET_SL,BUY,1.8,1,live,SL já existente na Binance (detecção de duplicidade),,5.637222258064517,,5.849,5.424,0.765,78.35545722713863,7.5,0.25,"[""[AVISO] Posi\u00e7\u00e3o em CROSS MARGIN - todo saldo da conta est\u00e1 em risco"", ""Exposi\u00e7\u00e3o da conta: 0.6% do saldo total"", ""Estrutura bearish com BOS confirmado - favoravel para SHORT"", ""EMAs alinhadas para baixa - tendencia bearish confirmada"", ""SHORT em estrutura favor\u00e1vel (RSI: 28.7, pre\u00e7o abaixo EMAs)"", ""TP/SL calculado com t\u00e9cnico+SMC (SL: SMC_OB+ATR, TP: ATR)""]"
103,2026-03-07T10:19:34.625000Z,XRPUSDT,SHORT,SET_SL,BUY,7.8,1,live,SL já existente na Binance (detecção de duplicidade),,1.3811953589905606,,1.4532,1.36676993,0.67415454,63.23673599606426,7.5,0.25,"[""[AVISO] Posi\u00e7\u00e3o em CROSS MARGIN - todo saldo da conta est\u00e1 em risco"", ""Exposi\u00e7\u00e3o da conta: 0.6% do saldo total"", ""Estrutura bearish com BOS confirmado - favoravel para SHORT"", ""EMAs alinhadas para baixa - tendencia bearish confirmada"", ""SHORT em estrutura favor\u00e1vel (RSI: 29.9, pre\u00e7o abaixo EMAs)"", ""TP/SL calculado com t\u00e9cnico+SMC (SL: SMC_OB+ATR, TP: ATR)""]"
102,2026-03-07T10:15:33.854000Z,BNBUSDT,SHORT,SET_SL,BUY,0.01,1,live,SL já existente na Binance (detecção de duplicidade),,635.2042588818246,,654.78,629.75028682,0.25029713,39.745457086475575,9.0,0.09999999999999998,"[""[AVISO] Posi\u00e7\u00e3o em CROSS MARGIN - todo saldo da conta est\u00e1 em risco"", ""Exposi\u00e7\u00e3o da conta: 0.4% do saldo total"", ""SHORT em estrutura favor\u00e1vel (RSI: 28.4, pre\u00e7o abaixo EMAs)"", ""TP/SL calculado com t\u00e9cnico+SMC (SL: SMC_OB+ATR, TP: ATR)""]"
101,2026-03-07T10:03:59.793000Z,ZENUSDT,SHORT,SET_SL,BUY,1.8,1,live,SL já existente na Binance (detecção de duplicidade),,5.63775,,5.849,5.426,0.7614,77.95798009583487,7.5,0.25,"[""[AVISO] Posi\u00e7\u00e3o em CROSS MARGIN - todo saldo da conta est\u00e1 em risco"", ""Exposi\u00e7\u00e3o da conta: 0.6% do saldo total"", ""Estrutura bearish com BOS confirmado - favoravel para SHORT"", ""EMAs alinhadas para baixa - tendencia bearish confirmada"", ""SHORT em estrutura favor\u00e1vel (RSI: 28.8, pre\u00e7o abaixo EMAs)"", ""TP/SL calculado com t\u00e9cnico+SMC (SL: SMC_OB+ATR, TP: ATR)""]"
100,2026-03-07T10:01:08.379000Z,XRPUSDT,SHORT,SET_SL,BUY,7.8,1,live,SL já existente na Binance (detecção de duplicidade),,1.381025,,1.4532,1.3648,0.68952,64.77139507620163,7.5,0.25,"[""[AVISO] Posi\u00e7\u00e3o em CROSS MARGIN - todo saldo da conta est\u00e1 em risco"", ""Exposi\u00e7\u00e3o da conta: 0.6% do saldo total"", ""Estrutura bearish com BOS confirmado - favoravel para SHORT"", ""EMAs alinhadas para baixa - tendencia bearish confirmada"", ""SHORT em estrutura favor\u00e1vel (RSI: 29.3, pre\u00e7o abaixo EMAs)"", ""TP/SL calculado com t\u00e9cnico+SMC (SL: SMC_OB+ATR, TP: ATR)""]"
99,2026-03-07T09:57:31.785000Z,BNBUSDT,SHORT,SET_SL,BUY,0.01,1,live,SL já existente na Binance (detecção de duplicidade),,635.2079659408811,,654.78,629.76394386,0.25016056,39.72290926449292,9.0,0.09999999999999998,"[""[AVISO] Posi\u00e7\u00e3o em CROSS MARGIN - todo saldo da conta est\u00e1 em risco"", ""Exposi\u00e7\u00e3o da conta: 0.4% do saldo total"", ""SHORT em estrutura favor\u00e1vel (RSI: 28.4, pre\u00e7o abaixo EMAs)"", ""TP/SL calculado com t\u00e9cnico+SMC (SL: SMC_OB+ATR, TP: ATR)""]"
98,2026-03-07T09:46:18.951000Z,ZENUSDT,SHORT,SET_SL,BUY,1.8,1,live,SL já existente na Binance (detecção de duplicidade),,5.6375714285714285,,5.849,5.414,0.783,80.34724787587736,7.5,0.25,"[""[AVISO] Posi\u00e7\u00e3o em CROSS MARGIN - todo saldo da conta est\u00e1 em risco"", ""Exposi\u00e7\u00e3o da conta: 0.6% do saldo total"", ""Estrutura bearish com BOS confirmado - favoravel para SHORT"", ""EMAs alinhadas para baixa - tendencia bearish confirmada"", ""SHORT em estrutura favor\u00e1vel (RSI: 27.7, pre\u00e7o abaixo EMAs)"", ""TP/SL calculado com t\u00e9cnico+SMC (SL: SMC_OB+ATR, TP: ATR)""]"
97,2026-03-07T09:43:38.537000Z,XRPUSDT,SHORT,SET_SL,BUY,7.8,1,live,SL já existente na Binance (detecção de duplicidade),,1.3811756683549496,,1.4532,1.36485008,0.68912937,64.73232520217108,7.5,0.25,"[""[AVISO] Posi\u00e7\u00e3o em CROSS MARGIN - todo saldo da conta est\u00e1 em risco"", ""Exposi\u00e7\u00e3o da conta: 0.6% do saldo total"", ""Estrutura bearish com BOS confirmado - favoravel para SHORT"", ""EMAs alinhadas para baixa - tendencia bearish confirmada"", ""SHORT em estrutura favor\u00e1vel (RSI: 29.3, pre\u00e7o abaixo EMAs)"", ""TP/SL calculado com t\u00e9cnico+SMC (SL: SMC_OB+ATR, TP: ATR)""]"
96,2026-03-07T09:40:35.350000Z,BNBUSDT,SHORT,SET_SL,BUY,0.01,1,live,SL já existente na Binance (detecção de duplicidade),,634.8189285714285,,654.78,629.55,0.2523,40.076244936859666,9.0,0.09999999999999998,"[""[AVISO] Posi\u00e7\u00e3o em CROSS MARGIN - todo saldo da conta est\u00e1 em risco"", ""Exposi\u00e7\u00e3o da conta: 0.4% do saldo total"", ""SHORT em estrutura favor\u00e1vel (RSI: 28.2, pre\u00e7o abaixo EMAs)"", ""TP/SL calculado com t\u00e9cnico+SMC (SL: SMC_OB+ATR, TP: ATR)""]"
95,2026-03-07T09:28:58.641000Z,ZENUSDT,SHORT,SET_SL,BUY,1.8,1,live,SL já existente na Binance (detecção de duplicidade),,5.637214285714286,,5.849,5.406,0.7974,81.94598594154643,7.5,0.25,"[""[AVISO] Posi\u00e7\u00e3o em CROSS MARGIN - todo saldo da conta est\u00e1 em risco"", ""Exposi\u00e7\u00e3o da conta: 0.6% do saldo total"", ""Estrutura bearish com BOS confirmado - favoravel para SHORT"", ""EMAs alinhadas para baixa - tendencia bearish confirmada"", ""SHORT em estrutura favor\u00e1vel (RSI: 27.0, pre\u00e7o abaixo EMAs)"", ""TP/SL calculado com t\u00e9cnico+SMC (SL: SMC_OB+ATR, TP: ATR)""]"
94,2026-03-07T09:26:47.384000Z,XRPUSDT,SHORT,SET_SL,BUY,7.8,1,live,SL já existente na Binance (detecção de duplicidade),,1.3810451970754303,,1.4532,1.36552013,0.68390298,64.20986941493807,7.5,0.25,"[""[AVISO] Posi\u00e7\u00e3o em CROSS MARGIN - todo saldo da conta est\u00e1 em risco"", ""Exposi\u00e7\u00e3o da conta: 0.6% do saldo total"", ""Estrutura bearish com BOS confirmado - favoravel para SHORT"", ""EMAs alinhadas para baixa - tendencia bearish confirmada"", ""SHORT em estrutura favor\u00e1vel (RSI: 29.5, pre\u00e7o abaixo EMAs)"", ""TP/SL calculado com t\u00e9cnico+SMC (SL: SMC_OB+ATR, TP: ATR)""]"
93,2026-03-07T09:23:43.397000Z,BNBUSDT,SHORT,SET_SL,BUY,0.01,1,live,SL já existente na Binance (detecção de duplicidade),,634.3192857142856,,654.78,629.31,0.2547,40.47289888925966,9.0,0.09999999999999998,"[""[AVISO] Posi\u00e7\u00e3o em CROSS MARGIN - todo saldo da conta est\u00e1 em risco"", ""Exposi\u00e7\u00e3o da conta: 0.4% do saldo total"", ""SHORT em estrutura favor\u00e1vel (RSI: 27.9, pre\u00e7o abaixo EMAs)"", ""TP/SL calculado com t\u00e9cnico+SMC (SL: SMC_OB+ATR, TP: ATR)""]"
92,2026-03-07T09:11:28.882000Z,ZENUSDT,SHORT,SET_SL,BUY,1.8,1,live,Refresh por mudança de estrutura (range -> bearish) - SL já existente após refresh,,5.636178332537029,,5.849,5.381,0.8424,86.97268165768445,7.5,0.25,"[""[AVISO] Posi\u00e7\u00e3o em CROSS MARGIN - todo saldo da conta est\u00e1 em risco"", ""Exposi\u00e7\u00e3o da conta: 0.6% do saldo total"", ""Estrutura bearish com BOS confirmado - favoravel para SHORT"", ""EMAs alinhadas para baixa - tendencia bearish confirmada"", ""SHORT em estrutura favor\u00e1vel (RSI: 24.7, pre\u00e7o abaixo EMAs)"", ""TP/SL calculado com t\u00e9cnico+SMC (SL: SMC_OB+ATR, TP: ATR)""]"
91,2026-03-07T09:11:18.827000Z,ZENUSDT,SHORT,SET_SL,BUY,1.8,1,live,SL já existente na Binance (detecção de duplicidade),,5.640324456781596,,5.849,5.381,0.8424,86.97268165768445,7.5,0.25,"[""[AVISO] Posi\u00e7\u00e3o em CROSS MARGIN - todo saldo da conta est\u00e1 em risco"", ""Exposi\u00e7\u00e3o da conta: 0.6% do saldo total"", ""Estrutura bearish com BOS confirmado - favoravel para SHORT"", ""EMAs alinhadas para baixa - tendencia bearish confirmada"", ""SHORT em estrutura favor\u00e1vel (RSI: 24.4, pre\u00e7o abaixo EMAs)"", ""TP/SL calculado com t\u00e9cnico+SMC (SL: SMC_OB+ATR, TP: ATR)""]"
90,2026-03-07T09:08:43.110000Z,XRPUSDT,SHORT,SET_SL,BUY,7.8,1,live,SL já existente na Binance (detecção de duplicidade),,1.3784800871379843,,1.4532,1.36315523,0.7023492,66.0561374442801,7.5,0.25,"[""[AVISO] Posi\u00e7\u00e3o em CROSS MARGIN - todo saldo da conta est\u00e1 em risco"", ""Exposi\u00e7\u00e3o da conta: 0.6% do saldo total"", ""Estrutura bearish com BOS confirmado - favoravel para SHORT"", ""EMAs alinhadas para baixa - tendencia bearish confirmada"", ""SHORT em estrutura favor\u00e1vel (RSI: 29.0, pre\u00e7o abaixo EMAs)"", ""TP/SL calculado com t\u00e9cnico+SMC (SL: SMC_OB+ATR, TP: ATR)""]"
89,2026-03-07T09:04:46.429000Z,BNBUSDT,SHORT,SET_SL,BUY,0.01,1,live,Refresh por mudança de estrutura (bearish -> range) - SL já existente após refresh,,632.5169835945791,,654.78,627.75048853,0.27029511,43.05772993230935,9.0,0.09999999999999998,"[""[AVISO] Posi\u00e7\u00e3o em CROSS MARGIN - todo saldo da conta est\u00e1 em risco"", ""Exposi\u00e7\u00e3o da conta: 0.4% do saldo total"", ""SHORT em estrutura favor\u00e1vel (RSI: 25.8, pre\u00e7o abaixo EMAs)"", ""TP/SL calculado com t\u00e9cnico+SMC (SL: SMC_OB+ATR, TP: ATR)""]"
88,2026-03-07T09:04:33.319000Z,BNBUSDT,SHORT,SET_SL,BUY,0.01,1,live,SL já existente na Binance (detecção de duplicidade),,632.4506475154656,,654.78,627.79422428,0.26985775,42.98506414414572,9.0,0.09999999999999998,"[""[AVISO] Posi\u00e7\u00e3o em CROSS MARGIN - todo saldo da conta est\u00e1 em risco"", ""Exposi\u00e7\u00e3o da conta: 0.4% do saldo total"", ""SHORT em estrutura favor\u00e1vel (RSI: 25.9, pre\u00e7o abaixo EMAs)"", ""TP/SL calculado com t\u00e9cnico+SMC (SL: SMC_OB+ATR, TP: ATR)""]"
87,2026-03-07T08:50:50.461000Z,ZENUSDT,SHORT,SET_SL,BUY,1.8,1,live,SL já existente na Binance (detecção de duplicidade),,5.639708112030221,,5.849,5.40541667,0.79844999,82.06274462423224,8.25,0.17500000000000004,"[""[AVISO] Posi\u00e7\u00e3o em CROSS MARGIN - todo saldo da conta est\u00e1 em risco"", ""Exposi\u00e7\u00e3o da conta: 0.6% do saldo total"", ""EMAs alinhadas para baixa - tendencia bearish confirmada"", ""SHORT em estrutura favor\u00e1vel (RSI: 26.8, pre\u00e7o abaixo EMAs)"", ""TP/SL calculado com t\u00e9cnico+SMC (SL: SMC_OB+ATR, TP: ATR)""]"
86,2026-03-07T08:46:49.489000Z,XRPUSDT,SHORT,SET_SL,BUY,7.8,1,live,SL já existente na Binance (detecção de duplicidade),,1.3809638778344555,,1.4532,1.36644946,0.67665421,63.48609464384418,7.5,0.25,"[""[AVISO] Posi\u00e7\u00e3o em CROSS MARGIN - todo saldo da conta est\u00e1 em risco"", ""Exposi\u00e7\u00e3o da conta: 0.6% do saldo total"", ""Estrutura bearish com BOS confirmado - favoravel para SHORT"", ""EMAs alinhadas para baixa - tendencia bearish confirmada"", ""SHORT em estrutura favor\u00e1vel (RSI: 29.7, pre\u00e7o abaixo EMAs)"", ""TP/SL calculado com t\u00e9cnico+SMC (SL: SMC_OB+ATR, TP: ATR)""]"
85,2026-03-07T08:41:02.670000Z,BNBUSDT,SHORT,SET_SL,BUY,0.01,1,live,SL já existente na Binance (detecção de duplicidade),,659.8305361741092,,654.78,629.08976504,0.25690234,40.83715143317666,4.5,0.55,"[""[AVISO] Posi\u00e7\u00e3o em CROSS MARGIN - todo saldo da conta est\u00e1 em risco"", ""[INFO] Saldo da conta indispon\u00edvel - avalia\u00e7\u00e3o de risco baseada apenas em dados da posi\u00e7\u00e3o"", ""Estrutura bearish com BOS confirmado - favoravel para SHORT"", ""SHORT em estrutura favor\u00e1vel (RSI: 27.6, pre\u00e7o abaixo EMAs)"", ""TP/SL calculado com t\u00e9cnico+SMC (SL: SMC_OB+ATR, TP: ATR)""]"
84,2026-03-07T08:29:17.900000Z,ZENUSDT,SHORT,SET_SL,BUY,1.8,1,live,SL já existente na Binance (detecção de duplicidade),,5.637742912750818,,5.849,5.40861667,0.79268999,81.42254381244175,8.25,0.17500000000000004,"[""[AVISO] Posi\u00e7\u00e3o em CROSS MARGIN - todo saldo da conta est\u00e1 em risco"", ""Exposi\u00e7\u00e3o da conta: 0.6% do saldo total"", ""EMAs alinhadas para baixa - tendencia bearish confirmada"", ""SHORT em estrutura favor\u00e1vel (RSI: 27.3, pre\u00e7o abaixo EMAs)"", ""TP/SL calculado com t\u00e9cnico+SMC (SL: SMC_OB+ATR, TP: ATR)""]"
83,2026-03-07T08:26:51.705000Z,XRPUSDT,SHORT,SET_SL,BUY,7.8,1,live,SL já existente na Binance (detecção de duplicidade),,1.38090002004609,,1.4532,1.36690002,0.67313984,63.13554629048838,7.5,0.25,"[""[AVISO] Posi\u00e7\u00e3o em CROSS MARGIN - todo saldo da conta est\u00e1 em risco"", ""Exposi\u00e7\u00e3o da conta: 0.6% do saldo total"", ""Estrutura bearish com BOS confirmado - favoravel para SHORT"", ""EMAs alinhadas para baixa - tendencia bearish confirmada"", ""SHORT em estrutura favor\u00e1vel (RSI: 29.9, pre\u00e7o abaixo EMAs)"", ""TP/SL calculado com t\u00e9cnico+SMC (SL: SMC_OB+ATR, TP: ATR)""]"
82,2026-03-07T08:23:51.674000Z,BNBUSDT,SHORT,SET_SL,BUY,0.01,1,live,SL já existente na Binance (detecção de duplicidade),,658.7431087950469,,654.78,628.55635735,0.26223642,41.72043078294386,8.25,0.17500000000000004,"[""[AVISO] Posi\u00e7\u00e3o em CROSS MARGIN - todo saldo da conta est\u00e1 em risco"", ""Exposi\u00e7\u00e3o da conta: 0.4% do saldo total"", ""Estrutura bearish com BOS confirmado - favoravel para SHORT"", ""SHORT em estrutura favor\u00e1vel (RSI: 26.9, pre\u00e7o abaixo EMAs)"", ""TP/SL calculado com t\u00e9cnico+SMC (SL: SMC_OB+ATR, TP: ATR)""]"
81,2026-03-07T08:11:39.188000Z,ZENUSDT,SHORT,SET_SL,BUY,1.8,1,live,SL já existente na Binance (detecção de duplicidade),,5.6371382423338465,,5.849,5.39347917,0.81993749,84.45769667777873,8.25,0.17500000000000004,"[""[AVISO] Posi\u00e7\u00e3o em CROSS MARGIN - todo saldo da conta est\u00e1 em risco"", ""Exposi\u00e7\u00e3o da conta: 0.6% do saldo total"", ""EMAs alinhadas para baixa - tendencia bearish confirmada"", ""SHORT em estrutura favor\u00e1vel (RSI: 26.1, pre\u00e7o abaixo EMAs)"", ""TP/SL calculado com t\u00e9cnico+SMC (SL: SMC_OB+ATR, TP: ATR)""]"
80,2026-03-07T08:09:32.231000Z,XRPUSDT,SHORT,SET_SL,BUY,7.8,1,live,SL já existente na Binance (detecção de duplicidade),,1.3809270858902054,,1.4532,1.36714841,0.6712024,62.94239097538045,7.5,0.25,"[""[AVISO] Posi\u00e7\u00e3o em CROSS MARGIN - todo saldo da conta est\u00e1 em risco"", ""Exposi\u00e7\u00e3o da conta: 0.6% do saldo total"", ""Estrutura bearish com BOS confirmado - favoravel para SHORT"", ""EMAs alinhadas para baixa - tendencia bearish confirmada"", ""SHORT em estrutura favor\u00e1vel (RSI: 30.1, pre\u00e7o abaixo EMAs)"", ""TP/SL calculado com t\u00e9cnico+SMC (SL: SMC_OB+ATR, TP: ATR)""]"
79,2026-03-07T08:05:41.474000Z,BNBUSDT,SHORT,SET_SL,BUY,0.01,1,live,SL já existente na Binance (detecção de duplicidade),,657.4099511864947,,654.78,627.89,0.2689,42.8259727022249,8.25,0.17500000000000004,"[""[AVISO] Posi\u00e7\u00e3o em CROSS MARGIN - todo saldo da conta est\u00e1 em risco"", ""Exposi\u00e7\u00e3o da conta: 0.4% do saldo total"", ""Estrutura bearish com BOS confirmado - favoravel para SHORT"", ""SHORT em estrutura favor\u00e1vel (RSI: 26.1, pre\u00e7o abaixo EMAs)"", ""TP/SL calculado com t\u00e9cnico+SMC (SL: SMC_OB+ATR, TP: ATR)""]"
78,2026-03-07T07:52:42.023000Z,ZENUSDT,SHORT,SET_SL,BUY,1.8,1,live,SL já existente na Binance (detecção de duplicidade),,5.6398406131186,,5.849,5.37132812,0.85980938,88.92993820265401,8.25,0.17500000000000004,"[""[AVISO] Posi\u00e7\u00e3o em CROSS MARGIN - todo saldo da conta est\u00e1 em risco"", ""Exposi\u00e7\u00e3o da conta: 0.6% do saldo total"", ""EMAs alinhadas para baixa - tendencia bearish confirmada"", ""SHORT em estrutura favor\u00e1vel (RSI: 22.9, pre\u00e7o abaixo EMAs)"", ""TP/SL calculado com t\u00e9cnico+SMC (SL: SMC_OB+ATR, TP: ATR)""]"
77,2026-03-07T07:49:51.486000Z,XRPUSDT,SHORT,SET_SL,BUY,7.8,1,live,SL já existente na Binance (detecção de duplicidade),,1.3812266676102165,,1.4532,1.36437242,0.69285512,65.10508288285357,7.5,0.25,"[""[AVISO] Posi\u00e7\u00e3o em CROSS MARGIN - todo saldo da conta est\u00e1 em risco"", ""Exposi\u00e7\u00e3o da conta: 0.6% do saldo total"", ""Estrutura bearish com BOS confirmado - favoravel para SHORT"", ""EMAs alinhadas para baixa - tendencia bearish confirmada"", ""SHORT em estrutura favor\u00e1vel (RSI: 26.5, pre\u00e7o abaixo EMAs)"", ""TP/SL calculado com t\u00e9cnico+SMC (SL: SMC_OB+ATR, TP: ATR)""]"
76,2026-03-07T07:45:42.855000Z,BNBUSDT,SHORT,SET_SL,BUY,0.01,1,live,SL já existente na Binance (detecção de duplicidade),,656.8821852489323,,654.78,627.49,0.2729,43.49073292004652,8.25,0.17500000000000004,"[""[AVISO] Posi\u00e7\u00e3o em CROSS MARGIN - todo saldo da conta est\u00e1 em risco"", ""Exposi\u00e7\u00e3o da conta: 0.4% do saldo total"", ""Estrutura bearish com BOS confirmado - favoravel para SHORT"", ""SHORT em estrutura favor\u00e1vel (RSI: 23.9, pre\u00e7o abaixo EMAs)"", ""TP/SL calculado com t\u00e9cnico+SMC (SL: SMC_OB+ATR, TP: ATR)""]"
75,2026-03-07T07:34:07.376000Z,ZENUSDT,SHORT,SET_SL,BUY,1.8,1,live,SL já existente na Binance (detecção de duplicidade),,5.638880445698434,,5.849,5.36140417,0.87767249,90.94554566621635,8.25,0.17500000000000004,"[""[AVISO] Posi\u00e7\u00e3o em CROSS MARGIN - todo saldo da conta est\u00e1 em risco"", ""Exposi\u00e7\u00e3o da conta: 0.6% do saldo total"", ""EMAs alinhadas para baixa - tendencia bearish confirmada"", ""SHORT em estrutura favor\u00e1vel (RSI: 22.0, pre\u00e7o abaixo EMAs)"", ""TP/SL calculado com t\u00e9cnico+SMC (SL: SMC_OB+ATR, TP: ATR)""]"
74,2026-03-07T07:31:19.639000Z,XRPUSDT,SHORT,SET_SL,BUY,7.8,1,live,SL já existente na Binance (detecção de duplicidade),,1.3791841066442407,,1.4532,1.36333012,0.70098506,65.91938237760013,7.5,0.25,"[""[AVISO] Posi\u00e7\u00e3o em CROSS MARGIN - todo saldo da conta est\u00e1 em risco"", ""Exposi\u00e7\u00e3o da conta: 0.6% do saldo total"", ""Estrutura bearish com BOS confirmado - favoravel para SHORT"", ""EMAs alinhadas para baixa - tendencia bearish confirmada"", ""SHORT em estrutura favor\u00e1vel (RSI: 26.3, pre\u00e7o abaixo EMAs)"", ""TP/SL calculado com t\u00e9cnico+SMC (SL: SMC_OB+ATR, TP: ATR)""]"
73,2026-03-07T07:27:39.137000Z,BNBUSDT,SHORT,SET_SL,BUY,0.01,1,live,SL já existente na Binance (detecção de duplicidade),,655.4813967482844,,654.78,626.78,0.28,44.67277194549922,8.25,0.17500000000000004,"[""[AVISO] Posi\u00e7\u00e3o em CROSS MARGIN - todo saldo da conta est\u00e1 em risco"", ""Exposi\u00e7\u00e3o da conta: 0.4% do saldo total"", ""Estrutura bearish com BOS confirmado - favoravel para SHORT"", ""SHORT em estrutura favor\u00e1vel (RSI: 23.2, pre\u00e7o abaixo EMAs)"", ""TP/SL calculado com t\u00e9cnico+SMC (SL: SMC_OB+ATR, TP: ATR)""]"
72,2026-03-07T07:16:12.917000Z,ZENUSDT,SHORT,SET_SL,BUY,1.8,1,live,SL já existente na Binance (detecção de duplicidade),,5.642415838625326,,5.849,5.3568,0.88596,91.8832138590203,8.25,0.17500000000000004,"[""[AVISO] Posi\u00e7\u00e3o em CROSS MARGIN - todo saldo da conta est\u00e1 em risco"", ""Exposi\u00e7\u00e3o da conta: 0.6% do saldo total"", ""EMAs alinhadas para baixa - tendencia bearish confirmada"", ""SHORT em estrutura favor\u00e1vel (RSI: 21.3, pre\u00e7o abaixo EMAs)"", ""TP/SL calculado com t\u00e9cnico+SMC (SL: SMC_OB+ATR, TP: ATR)""]"
71,2026-03-07T07:13:23.363000Z,XRPUSDT,SHORT,SET_SL,BUY,7.8,1,live,SL já existente na Binance (detecção de duplicidade),,1.381653956100318,,1.4532,1.3649,0.68874,64.69338413070555,7.5,0.25,"[""[AVISO] Posi\u00e7\u00e3o em CROSS MARGIN - todo saldo da conta est\u00e1 em risco"", ""Exposi\u00e7\u00e3o da conta: 0.6% do saldo total"", ""Estrutura bearish com BOS confirmado - favoravel para SHORT"", ""EMAs alinhadas para baixa - tendencia bearish confirmada"", ""SHORT em estrutura favor\u00e1vel (RSI: 26.6, pre\u00e7o abaixo EMAs)"", ""TP/SL calculado com t\u00e9cnico+SMC (SL: SMC_OB+ATR, TP: ATR)""]"
70,2026-03-07T07:09:20.784000Z,BNBUSDT,SHORT,SET_SL,BUY,0.01,1,live,SL já existente na Binance (detecção de duplicidade),,653.3132733757102,,654.78,625.72,0.2906,46.44249824202519,8.25,0.17500000000000004,"[""[AVISO] Posi\u00e7\u00e3o em CROSS MARGIN - todo saldo da conta est\u00e1 em risco"", ""Exposi\u00e7\u00e3o da conta: 0.4% do saldo total"", ""Estrutura bearish com BOS confirmado - favoravel para SHORT"", ""SHORT em estrutura favor\u00e1vel (RSI: 22.7, pre\u00e7o abaixo EMAs)"", ""TP/SL calculado com t\u00e9cnico+SMC (SL: SMC_OB+ATR, TP: ATR)""]"
69,2026-03-07T06:56:42.461000Z,ZENUSDT,SHORT,SET_SL,BUY,1.8,1,live,SL já existente na Binance (detecção de duplicidade),,5.641582741875233,,5.849,5.356,0.8874,92.04630321135174,8.25,0.17500000000000004,"[""[AVISO] Posi\u00e7\u00e3o em CROSS MARGIN - todo saldo da conta est\u00e1 em risco"", ""Exposi\u00e7\u00e3o da conta: 0.5% do saldo total"", ""EMAs alinhadas para baixa - tendencia bearish confirmada"", ""SHORT em estrutura favor\u00e1vel (RSI: 21.3, pre\u00e7o abaixo EMAs)"", ""TP/SL calculado com t\u00e9cnico+SMC (SL: SMC_OB+ATR, TP: ATR)""]"
68,2026-03-07T06:54:34.698000Z,XRPUSDT,SHORT,SET_SL,BUY,7.8,1,live,SL já existente na Binance (detecção de duplicidade),,1.3790857638284395,,1.4532,1.36323209,0.70174969,65.996032248888,7.5,0.25,"[""[AVISO] Posi\u00e7\u00e3o em CROSS MARGIN - todo saldo da conta est\u00e1 em risco"", ""Exposi\u00e7\u00e3o da conta: 0.6% do saldo total"", ""Estrutura bearish com BOS confirmado - favoravel para SHORT"", ""EMAs alinhadas para baixa - tendencia bearish confirmada"", ""SHORT em estrutura favor\u00e1vel (RSI: 26.3, pre\u00e7o abaixo EMAs)"", ""TP/SL calculado com t\u00e9cnico+SMC (SL: SMC_OB+ATR, TP: ATR)""]"
67,2026-03-07T06:50:47.500000Z,BNBUSDT,SHORT,SET_SL,BUY,0.01,1,live,SL já existente na Binance (detecção de duplicidade),,655.7158020869983,,654.78,626.92236276,0.27857637,44.435545220237316,8.25,0.17500000000000004,"[""[AVISO] Posi\u00e7\u00e3o em CROSS MARGIN - todo saldo da conta est\u00e1 em risco"", ""Exposi\u00e7\u00e3o da conta: 0.4% do saldo total"", ""Estrutura bearish com BOS confirmado - favoravel para SHORT"", ""SHORT em estrutura favor\u00e1vel (RSI: 23.3, pre\u00e7o abaixo EMAs)"", ""TP/SL calculado com t\u00e9cnico+SMC (SL: SMC_OB+ATR, TP: ATR)""]"
66,2026-03-07T06:38:15.258000Z,ZENUSDT,SHORT,SET_SL,BUY,1.8,1,live,SL já existente na Binance (detecção de duplicidade),,5.639625477307693,,5.849,5.36912083,0.8637825,89.37760610365453,8.25,0.17500000000000004,"[""[AVISO] Posi\u00e7\u00e3o em CROSS MARGIN - todo saldo da conta est\u00e1 em risco"", ""Exposi\u00e7\u00e3o da conta: 0.5% do saldo total"", ""EMAs alinhadas para baixa - tendencia bearish confirmada"", ""SHORT em estrutura favor\u00e1vel (RSI: 22.7, pre\u00e7o abaixo EMAs)"", ""TP/SL calculado com t\u00e9cnico+SMC (SL: SMC_OB+ATR, TP: ATR)""]"
65,2026-03-07T06:35:27.677000Z,XRPUSDT,SHORT,SET_SL,BUY,7.8,1,live,SL já existente na Binance (detecção de duplicidade),,1.377240739012804,,1.4532,1.3622872,0.70911984,66.73541379527018,7.5,0.25,"[""[AVISO] Posi\u00e7\u00e3o em CROSS MARGIN - todo saldo da conta est\u00e1 em risco"", ""Exposi\u00e7\u00e3o da conta: 0.6% do saldo total"", ""Estrutura bearish com BOS confirmado - favoravel para SHORT"", ""EMAs alinhadas para baixa - tendencia bearish confirmada"", ""SHORT em estrutura favor\u00e1vel (RSI: 26.2, pre\u00e7o abaixo EMAs)"", ""TP/SL calculado com t\u00e9cnico+SMC (SL: SMC_OB+ATR, TP: ATR)""]"
64,2026-03-07T06:31:18.384000Z,BNBUSDT,SHORT,SET_SL,BUY,0.01,1,live,SL já existente na Binance (detecção de duplicidade),,655.8868681809481,,654.78,627.05,0.2773,44.2229487281716,8.25,0.17500000000000004,"[""[AVISO] Posi\u00e7\u00e3o em CROSS MARGIN - todo saldo da conta est\u00e1 em risco"", ""Exposi\u00e7\u00e3o da conta: 0.3% do saldo total"", ""Estrutura bearish com BOS confirmado - favoravel para SHORT"", ""SHORT em estrutura favor\u00e1vel (RSI: 23.3, pre\u00e7o abaixo EMAs)"", ""TP/SL calculado com t\u00e9cnico+SMC (SL: SMC_OB+ATR, TP: ATR)""]"
63,2026-03-07T06:19:26.432000Z,ZENUSDT,SHORT,SET_SL,BUY,1.8,1,live,SL já existente na Binance (detecção de duplicidade),,5.6395,,5.849,5.388,0.8298,85.56050482553825,8.25,0.17500000000000004,"[""[AVISO] Posi\u00e7\u00e3o em CROSS MARGIN - todo saldo da conta est\u00e1 em risco"", ""Exposi\u00e7\u00e3o da conta: 0.6% do saldo total"", ""EMAs alinhadas para baixa - tendencia bearish confirmada"", ""SHORT em estrutura favor\u00e1vel (RSI: 24.5, pre\u00e7o abaixo EMAs)"", ""TP/SL calculado com t\u00e9cnico+SMC (SL: SMC_OB+ATR, TP: ATR)""]"
62,2026-03-07T06:16:36.659000Z,XRPUSDT,SHORT,SET_SL,BUY,7.8,1,live,SL já existente na Binance (detecção de duplicidade),,1.3816098022781391,,1.4532,1.36545604,0.68440288,64.25981972613266,7.5,0.25,"[""[AVISO] Posi\u00e7\u00e3o em CROSS MARGIN - todo saldo da conta est\u00e1 em risco"", ""Exposi\u00e7\u00e3o da conta: 0.6% do saldo total"", ""Estrutura bearish com BOS confirmado - favoravel para SHORT"", ""EMAs alinhadas para baixa - tendencia bearish confirmada"", ""SHORT em estrutura favor\u00e1vel (RSI: 26.9, pre\u00e7o abaixo EMAs)"", ""TP/SL calculado com t\u00e9cnico+SMC (SL: SMC_OB+ATR, TP: ATR)""]"
61,2026-03-07T06:13:03.279000Z,BNBUSDT,SHORT,SET_SL,BUY,0.01,1,live,SL já existente na Binance (detecção de duplicidade),,656.0670533602513,,654.78,627.11242289,0.27667577,44.11900640158916,8.25,0.17500000000000004,"[""[AVISO] Posi\u00e7\u00e3o em CROSS MARGIN - todo saldo da conta est\u00e1 em risco"", ""Exposi\u00e7\u00e3o da conta: 0.4% do saldo total"", ""Estrutura bearish com BOS confirmado - favoravel para SHORT"", ""SHORT em estrutura favor\u00e1vel (RSI: 23.3, pre\u00e7o abaixo EMAs)"", ""TP/SL calculado com t\u00e9cnico+SMC (SL: SMC_OB+ATR, TP: ATR)""]"
60,2026-03-07T06:01:45.430000Z,ZENUSDT,SHORT,SET_SL,BUY,1.8,1,live,SL já existente na Binance (detecção de duplicidade),,5.638465584415585,,5.849,5.389,0.828,85.3590647615513,8.25,0.17500000000000004,"[""[AVISO] Posi\u00e7\u00e3o em CROSS MARGIN - todo saldo da conta est\u00e1 em risco"", ""Exposi\u00e7\u00e3o da conta: 0.6% do saldo total"", ""EMAs alinhadas para baixa - tendencia bearish confirmada"", ""SHORT em estrutura favor\u00e1vel (RSI: 24.6, pre\u00e7o abaixo EMAs)"", ""TP/SL calculado com t\u00e9cnico+SMC (SL: SMC_OB+ATR, TP: ATR)""]"
59,2026-03-07T05:59:10.800000Z,XRPUSDT,SHORT,SET_SL,BUY,7.8,1,live,SL já existente na Binance (detecção de duplicidade),,1.381514446200412,,1.4532,1.36590016,0.68093875,63.91377810775698,7.5,0.25,"[""[AVISO] Posi\u00e7\u00e3o em CROSS MARGIN - todo saldo da conta est\u00e1 em risco"", ""Exposi\u00e7\u00e3o da conta: 0.6% do saldo total"", ""Estrutura bearish com BOS confirmado - favoravel para SHORT"", ""EMAs alinhadas para baixa - tendencia bearish confirmada"", ""SHORT em estrutura favor\u00e1vel (RSI: 27.1, pre\u00e7o abaixo EMAs)"", ""TP/SL calculado com t\u00e9cnico+SMC (SL: SMC_OB+ATR, TP: ATR)""]"
58,2026-03-07T05:55:49.467000Z,BNBUSDT,SHORT,SET_SL,BUY,0.01,1,live,SL já existente na Binance (detecção de duplicidade),,658.1917857142857,,654.78,628.14,0.2664,42.41092750023881,8.25,0.17500000000000004,"[""[AVISO] Posi\u00e7\u00e3o em CROSS MARGIN - todo saldo da conta est\u00e1 em risco"", ""Exposi\u00e7\u00e3o da conta: 0.4% do saldo total"", ""Estrutura bearish com BOS confirmado - favoravel para SHORT"", ""SHORT em estrutura favor\u00e1vel (RSI: 24.8, pre\u00e7o abaixo EMAs)"", ""TP/SL calculado com t\u00e9cnico+SMC (SL: SMC_OB+ATR, TP: ATR)""]"
57,2026-03-07T05:44:33.197000Z,ZENUSDT,SHORT,SET_SL,BUY,1.8,1,live,SL já existente na Binance (detecção de duplicidade),,5.639641927891957,,5.849,5.39637931,0.81471724,83.87488404496327,8.25,0.17500000000000004,"[""[AVISO] Posi\u00e7\u00e3o em CROSS MARGIN - todo saldo da conta est\u00e1 em risco"", ""Exposi\u00e7\u00e3o da conta: 0.6% do saldo total"", ""EMAs alinhadas para baixa - tendencia bearish confirmada"", ""SHORT em estrutura favor\u00e1vel (RSI: 25.3, pre\u00e7o abaixo EMAs)"", ""TP/SL calculado com t\u00e9cnico+SMC (SL: SMC_OB+ATR, TP: ATR)""]"
56,2026-03-07T05:42:06.456000Z,XRPUSDT,SHORT,SET_SL,BUY,7.8,1,live,SL já existente na Binance (detecção de duplicidade),,1.3816038826015105,,1.4532,1.3659,0.68094,63.91390292115089,7.5,0.25,"[""[AVISO] Posi\u00e7\u00e3o em CROSS MARGIN - todo saldo da conta est\u00e1 em risco"", ""Exposi\u00e7\u00e3o da conta: 0.6% do saldo total"", ""Estrutura bearish com BOS confirmado - favoravel para SHORT"", ""EMAs alinhadas para baixa - tendencia bearish confirmada"", ""SHORT em estrutura favor\u00e1vel (RSI: 27.0, pre\u00e7o abaixo EMAs)"", ""TP/SL calculado com t\u00e9cnico+SMC (SL: SMC_OB+ATR, TP: ATR)""]"
55,2026-03-07T05:39:05.563000Z,BNBUSDT,SHORT,SET_SL,BUY,0.01,1,live,SL já existente na Binance (detecção de duplicidade),,656.8672436082796,,654.78,627.54,0.2724,43.40759154794913,8.25,0.17500000000000004,"[""[AVISO] Posi\u00e7\u00e3o em CROSS MARGIN - todo saldo da conta est\u00e1 em risco"", ""Exposi\u00e7\u00e3o da conta: 0.4% do saldo total"", ""Estrutura bearish com BOS confirmado - favoravel para SHORT"", ""SHORT em estrutura favor\u00e1vel (RSI: 24.0, pre\u00e7o abaixo EMAs)"", ""TP/SL calculado com t\u00e9cnico+SMC (SL: SMC_OB+ATR, TP: ATR)""]"
54,2026-03-07T05:26:52.956000Z,ZENUSDT,SHORT,SET_SL,BUY,1.8,1,live,SL já existente na Binance (detecção de duplicidade),,5.639924243555494,,5.849,5.37989167,0.84439499,87.1966122280261,8.25,0.17500000000000004,"[""[AVISO] Posi\u00e7\u00e3o em CROSS MARGIN - todo saldo da conta est\u00e1 em risco"", ""Exposi\u00e7\u00e3o da conta: 0.6% do saldo total"", ""EMAs alinhadas para baixa - tendencia bearish confirmada"", ""SHORT em estrutura favor\u00e1vel (RSI: 23.7, pre\u00e7o abaixo EMAs)"", ""TP/SL calculado com t\u00e9cnico+SMC (SL: SMC_OB+ATR, TP: ATR)""]"
53,2026-03-07T05:24:44.612000Z,XRPUSDT,SHORT,SET_SL,BUY,7.8,1,live,SL já existente na Binance (detecção de duplicidade),,1.3814821428571429,,1.4532,1.3653,0.68562,64.38145462535707,7.5,0.25,"[""[AVISO] Posi\u00e7\u00e3o em CROSS MARGIN - todo saldo da conta est\u00e1 em risco"", ""Exposi\u00e7\u00e3o da conta: 0.6% do saldo total"", ""Estrutura bearish com BOS confirmado - favoravel para SHORT"", ""EMAs alinhadas para baixa - tendencia bearish confirmada"", ""SHORT em estrutura favor\u00e1vel (RSI: 26.7, pre\u00e7o abaixo EMAs)"", ""TP/SL calculado com t\u00e9cnico+SMC (SL: SMC_OB+ATR, TP: ATR)""]"
52,2026-03-07T05:20:59.380000Z,BNBUSDT,SHORT,SET_SL,BUY,0.01,1,live,SL já existente na Binance (detecção de duplicidade),,655.9484139987128,,654.78,627.02404087,0.27755959,44.26617990833082,8.25,0.17500000000000004,"[""[AVISO] Posi\u00e7\u00e3o em CROSS MARGIN - todo saldo da conta est\u00e1 em risco"", ""Exposi\u00e7\u00e3o da conta: 0.4% do saldo total"", ""Estrutura bearish com BOS confirmado - favoravel para SHORT"", ""SHORT em estrutura favor\u00e1vel (RSI: 23.3, pre\u00e7o abaixo EMAs)"", ""TP/SL calculado com t\u00e9cnico+SMC (SL: SMC_OB+ATR, TP: ATR)""]"
51,2026-03-07T05:08:26.681000Z,ZENUSDT,SHORT,SET_SL,BUY,1.8,1,live,SL já existente na Binance (detecção de duplicidade),,5.639,,5.849,5.383,0.8388,86.5688277911945,8.25,0.17500000000000004,"[""[AVISO] Posi\u00e7\u00e3o em CROSS MARGIN - todo saldo da conta est\u00e1 em risco"", ""Exposi\u00e7\u00e3o da conta: 0.6% do saldo total"", ""EMAs alinhadas para baixa - tendencia bearish confirmada"", ""SHORT em estrutura favor\u00e1vel (RSI: 24.1, pre\u00e7o abaixo EMAs)"", ""TP/SL calculado com t\u00e9cnico+SMC (SL: SMC_OB+ATR, TP: ATR)""]"
50,2026-03-07T05:05:48.082000Z,XRPUSDT,SHORT,SET_SL,BUY,7.8,1,live,SL já existente na Binance (detecção de duplicidade),,1.377605534849111,,1.4532,1.36263706,0.70639093,66.46152699207354,7.5,0.25,"[""[AVISO] Posi\u00e7\u00e3o em CROSS MARGIN - todo saldo da conta est\u00e1 em risco"", ""Exposi\u00e7\u00e3o da conta: 0.6% do saldo total"", ""Estrutura bearish com BOS confirmado - favoravel para SHORT"", ""EMAs alinhadas para baixa - tendencia bearish confirmada"", ""SHORT em estrutura favor\u00e1vel (RSI: 26.2, pre\u00e7o abaixo EMAs)"", ""TP/SL calculado com t\u00e9cnico+SMC (SL: SMC_OB+ATR, TP: ATR)""]"
49,2026-03-07T05:01:37.146000Z,BNBUSDT,SHORT,SET_SL,BUY,0.01,1,live,SL já existente na Binance (detecção de duplicidade),,656.8206907295147,,654.78,627.48023984,0.2729976,43.50696367261082,8.25,0.17500000000000004,"[""[AVISO] Posi\u00e7\u00e3o em CROSS MARGIN - todo saldo da conta est\u00e1 em risco"", ""Exposi\u00e7\u00e3o da conta: 0.4% do saldo total"", ""Estrutura bearish com BOS confirmado - favoravel para SHORT"", ""SHORT em estrutura favor\u00e1vel (RSI: 23.9, pre\u00e7o abaixo EMAs)"", ""TP/SL calculado com t\u00e9cnico+SMC (SL: SMC_OB+ATR, TP: ATR)""]"
48,2026-03-07T04:49:46.848000Z,ZENUSDT,SHORT,SET_SL,BUY,1.8,1,live,SL já existente na Binance (detecção de duplicidade),,5.639,,5.849,5.383,0.8388,86.5688277911945,8.25,0.17500000000000004,"[""[AVISO] Posi\u00e7\u00e3o em CROSS MARGIN - todo saldo da conta est\u00e1 em risco"", ""Exposi\u00e7\u00e3o da conta: 0.6% do saldo total"", ""EMAs alinhadas para baixa - tendencia bearish confirmada"", ""SHORT em estrutura favor\u00e1vel (RSI: 24.0, pre\u00e7o abaixo EMAs)"", ""TP/SL calculado com t\u00e9cnico+SMC (SL: SMC_OB+ATR, TP: ATR)""]"
47,2026-03-07T04:46:50.944000Z,XRPUSDT,SHORT,SET_SL,BUY,7.8,1,live,SL já existente na Binance (detecção de duplicidade),,1.377067603894674,,1.4532,1.3622,0.7098,66.80369989722507,7.5,0.25,"[""[AVISO] Posi\u00e7\u00e3o em CROSS MARGIN - todo saldo da conta est\u00e1 em risco"", ""Exposi\u00e7\u00e3o da conta: 0.6% do saldo total"", ""Estrutura bearish com BOS confirmado - favoravel para SHORT"", ""EMAs alinhadas para baixa - tendencia bearish confirmada"", ""SHORT em estrutura favor\u00e1vel (RSI: 26.1, pre\u00e7o abaixo EMAs)"", ""TP/SL calculado com t\u00e9cnico+SMC (SL: SMC_OB+ATR, TP: ATR)""]"
46,2026-03-07T04:43:32.246000Z,BNBUSDT,SHORT,SET_SL,BUY,0.01,1,live,SL já existente na Binance (detecção de duplicidade),,656.2715588647166,,654.78,627.2107034,0.27569296,43.95539784406044,8.25,0.17500000000000004,"[""[AVISO] Posi\u00e7\u00e3o em CROSS MARGIN - todo saldo da conta est\u00e1 em risco"", ""Exposi\u00e7\u00e3o da conta: 0.4% do saldo total"", ""Estrutura bearish com BOS confirmado - favoravel para SHORT"", ""SHORT em estrutura favor\u00e1vel (RSI: 23.5, pre\u00e7o abaixo EMAs)"", ""TP/SL calculado com t\u00e9cnico+SMC (SL: SMC_OB+ATR, TP: ATR)""]"
45,2026-03-07T04:31:52.898000Z,ZENUSDT,SHORT,SET_SL,BUY,1.8,1,live,SL já existente na Binance (detecção de duplicidade),,5.636721679968076,,5.849,5.3687,0.86454,89.46299849125487,8.25,0.17500000000000004,"[""[AVISO] Posi\u00e7\u00e3o em CROSS MARGIN - todo saldo da conta est\u00e1 em risco"", ""Exposi\u00e7\u00e3o da conta: 0.6% do saldo total"", ""EMAs alinhadas para baixa - tendencia bearish confirmada"", ""SHORT em estrutura favor\u00e1vel (RSI: 22.7, pre\u00e7o abaixo EMAs)"", ""TP/SL calculado com t\u00e9cnico+SMC (SL: SMC_OB+ATR, TP: ATR)""]"
44,2026-03-07T04:29:18.501000Z,XRPUSDT,SHORT,SET_SL,BUY,7.8,1,live,SL já existente na Binance (detecção de duplicidade),,1.3787500000397757,,1.4532,1.36318159,0.70214359,66.0355228054092,7.5,0.25,"[""[AVISO] Posi\u00e7\u00e3o em CROSS MARGIN - todo saldo da conta est\u00e1 em risco"", ""Exposi\u00e7\u00e3o da conta: 0.6% do saldo total"", ""Estrutura bearish com BOS confirmado - favoravel para SHORT"", ""EMAs alinhadas para baixa - tendencia bearish confirmada"", ""SHORT em estrutura favor\u00e1vel (RSI: 26.3, pre\u00e7o abaixo EMAs)"", ""TP/SL calculado com t\u00e9cnico+SMC (SL: SMC_OB+ATR, TP: ATR)""]"
43,2026-03-07T04:26:14.558000Z,BNBUSDT,SHORT,SET_SL,BUY,0.01,1,live,SL já existente na Binance (detecção de duplicidade),,654.112614124833,,654.78,626.13215388,0.28647846,45.75367328203119,8.25,0.17500000000000004,"[""[AVISO] Posi\u00e7\u00e3o em CROSS MARGIN - todo saldo da conta est\u00e1 em risco"", ""Exposi\u00e7\u00e3o da conta: 0.4% do saldo total"", ""Estrutura bearish com BOS confirmado - favoravel para SHORT"", ""SHORT em estrutura favor\u00e1vel (RSI: 22.9, pre\u00e7o abaixo EMAs)"", ""TP/SL calculado com t\u00e9cnico+SMC (SL: SMC_OB+ATR, TP: ATR)""]"
42,2026-03-07T04:14:36.720000Z,BTCUSDT,SHORT,SET_TP,BUY,0.002,1,live,TP já existente na Binance (detecção de duplicidade),,67461.02142857143,,70800.0,67938.54716667,5.72290566,42.118251704443296,8.25,0.17500000000000004,"[""[AVISO] Posi\u00e7\u00e3o em CROSS MARGIN - todo saldo da conta est\u00e1 em risco"", ""Exposi\u00e7\u00e3o da conta: 8.3% do saldo total"", ""Estrutura bearish com BOS confirmado - favoravel para SHORT"", ""SHORT em estrutura favor\u00e1vel (RSI: 15.4, pre\u00e7o abaixo EMAs)"", ""TP/SL calculado com t\u00e9cnico+SMC (SL: SMC_OB+ATR, TP: ATR)""]"
41,2026-03-07T04:14:36.407000Z,BTCUSDT,SHORT,SET_SL,BUY,0.002,1,live,SL já existente na Binance (detecção de duplicidade),,69217.76005839577,,70800.0,67938.54716667,5.72290566,42.118251704443296,8.25,0.17500000000000004,"[""[AVISO] Posi\u00e7\u00e3o em CROSS MARGIN - todo saldo da conta est\u00e1 em risco"", ""Exposi\u00e7\u00e3o da conta: 8.3% do saldo total"", ""Estrutura bearish com BOS confirmado - favoravel para SHORT"", ""SHORT em estrutura favor\u00e1vel (RSI: 15.4, pre\u00e7o abaixo EMAs)"", ""TP/SL calculado com t\u00e9cnico+SMC (SL: SMC_OB+ATR, TP: ATR)""]"
40,2026-03-07T04:14:12.387000Z,ZENUSDT,SHORT,SET_SL,BUY,1.8,1,live,SL já existente na Binance (detecção de duplicidade),,5.636827506520866,,5.849,5.3392875,0.9174825,95.46451656705132,8.25,0.17500000000000004,"[""[AVISO] Posi\u00e7\u00e3o em CROSS MARGIN - todo saldo da conta est\u00e1 em risco"", ""Exposi\u00e7\u00e3o da conta: 0.6% do saldo total"", ""EMAs alinhadas para baixa - tendencia bearish confirmada"", ""SHORT em estrutura favor\u00e1vel (RSI: 20.9, pre\u00e7o abaixo EMAs)"", ""TP/SL calculado com t\u00e9cnico+SMC (SL: SMC_OB+ATR, TP: ATR)""]"
39,2026-03-07T04:13:46.650000Z,ANKRUSDT,SHORT,SET_TP,BUY,2849.0,1,live,TP já existente na Binance (detecção de duplicidade),,0.004089820820843902,,0.004203,0.00433681,-0.38122469,-30.854475985805234,10.0,0.9,"[""[AVISO] Posi\u00e7\u00e3o em CROSS MARGIN - todo saldo da conta est\u00e1 em risco"", ""Exposi\u00e7\u00e3o da conta: 0.7% do saldo total"", ""PnL excedeu stop loss m\u00e1ximo (-30.85% < -3.0%)"", ""TP/SL calculado com t\u00e9cnico+SMC (SL: SMC_OB+ATR, TP: SMC_LIQUIDITY_SSL)""]"
38,2026-03-07T04:13:46.326000Z,ANKRUSDT,SHORT,SET_SL,BUY,2849.0,1,live,SL já existente na Binance (detecção de duplicidade),,0.004508571428571429,,0.004203,0.00433681,-0.38122469,-30.854475985805234,10.0,0.9,"[""[AVISO] Posi\u00e7\u00e3o em CROSS MARGIN - todo saldo da conta est\u00e1 em risco"", ""Exposi\u00e7\u00e3o da conta: 0.7% do saldo total"", ""PnL excedeu stop loss m\u00e1ximo (-30.85% < -3.0%)"", ""TP/SL calculado com t\u00e9cnico+SMC (SL: SMC_OB+ATR, TP: SMC_LIQUIDITY_SSL)""]"
37,2026-03-07T04:13:21.314000Z,BELUSDT,SHORT,SET_TP,BUY,102.0,1,live,TP já existente na Binance (detecção de duplicidade),,0.09189285714285715,,0.0989,0.0953,0.3672,37.77544596012593,9.0,0.09999999999999998,"[""[AVISO] Posi\u00e7\u00e3o em CROSS MARGIN - todo saldo da conta est\u00e1 em risco"", ""Exposi\u00e7\u00e3o da conta: 0.6% do saldo total"", ""SHORT em estrutura favor\u00e1vel (RSI: 42.3, pre\u00e7o abaixo EMAs)"", ""TP/SL calculado com t\u00e9cnico+SMC (SL: SMC_OB+ATR, TP: ATR)""]"
36,2026-03-07T04:13:20.997000Z,BELUSDT,SHORT,SET_SL,BUY,102.0,1,live,SL já existente na Binance (detecção de duplicidade),,0.09741785714285714,,0.0989,0.0953,0.3672,37.77544596012593,9.0,0.09999999999999998,"[""[AVISO] Posi\u00e7\u00e3o em CROSS MARGIN - todo saldo da conta est\u00e1 em risco"", ""Exposi\u00e7\u00e3o da conta: 0.6% do saldo total"", ""SHORT em estrutura favor\u00e1vel (RSI: 42.3, pre\u00e7o abaixo EMAs)"", ""TP/SL calculado com t\u00e9cnico+SMC (SL: SMC_OB+ATR, TP: ATR)""]"
35,2026-03-07T04:12:55.152000Z,XRPUSDT,SHORT,SET_SL,BUY,7.8,1,live,SL já existente na Binance (detecção de duplicidade),,1.3765695009358088,,1.4532,1.36200164,0.7113472,66.95906693207725,7.5,0.25,"[""[AVISO] Posi\u00e7\u00e3o em CROSS MARGIN - todo saldo da conta est\u00e1 em risco"", ""Exposi\u00e7\u00e3o da conta: 0.6% do saldo total"", ""Estrutura bearish com BOS confirmado - favoravel para SHORT"", ""EMAs alinhadas para baixa - tendencia bearish confirmada"", ""SHORT em estrutura favor\u00e1vel (RSI: 26.1, pre\u00e7o abaixo EMAs)"", ""TP/SL calculado com t\u00e9cnico+SMC (SL: SMC_OB+ATR, TP: ATR)""]"
34,2026-03-07T04:12:30.339000Z,ATAUSDT,SHORT,SET_TP,BUY,550.0,1,live,TP já existente na Binance (detecção de duplicidade),,0.011128571428571429,,0.0119,0.01125047,0.3572415,57.73358801898942,10.0,0.92,"[""[AVISO] Posi\u00e7\u00e3o em CROSS MARGIN - todo saldo da conta est\u00e1 em risco"", ""Exposi\u00e7\u00e3o da conta: 0.4% do saldo total"", ""[UPGRADE] Mudan\u00e7a de dire\u00e7\u00e3o detectada (bullish) contra posi\u00e7\u00e3o SHORT - CLOSE 100% obrigat\u00f3rio"", ""[AVISO] Estrutura bullish contra posicao SHORT"", ""EMAs alinhadas para baixa - tendencia bearish confirmada"", ""SHORT em estrutura favor\u00e1vel (RSI: 18.8, pre\u00e7o abaixo EMAs)"", ""TP/SL calculado com t\u00e9cnico+SMC (SL: SMC_OB+ATR, TP: ATR)""]"
33,2026-03-07T04:12:30.012000Z,ATAUSDT,SHORT,SET_SL,BUY,550.0,1,live,SL já existente na Binance (detecção de duplicidade),,0.012132421116071428,,0.0119,0.01125047,0.3572415,57.73358801898942,10.0,0.92,"[""[AVISO] Posi\u00e7\u00e3o em CROSS MARGIN - todo saldo da conta est\u00e1 em risco"", ""Exposi\u00e7\u00e3o da conta: 0.4% do saldo total"", ""[UPGRADE] Mudan\u00e7a de dire\u00e7\u00e3o detectada (bullish) contra posi\u00e7\u00e3o SHORT - CLOSE 100% obrigat\u00f3rio"", ""[AVISO] Estrutura bullish contra posicao SHORT"", ""EMAs alinhadas para baixa - tendencia bearish confirmada"", ""SHORT em estrutura favor\u00e1vel (RSI: 18.8, pre\u00e7o abaixo EMAs)"", ""TP/SL calculado com t\u00e9cnico+SMC (SL: SMC_OB+ATR, TP: ATR)""]"
32,2026-03-07T04:12:01.273000Z,OGNUSDT,SHORT,SET_TP,BUY,406.0,1,live,TP já existente na Binance (detecção de duplicidade),,0.019007142857142858,,0.0204,0.01963406,0.31097164,39.01078024616407,7.5,0.25,"[""[AVISO] Posi\u00e7\u00e3o em CROSS MARGIN - todo saldo da conta est\u00e1 em risco"", ""Exposi\u00e7\u00e3o da conta: 0.5% do saldo total"", ""Estrutura bearish com BOS confirmado - favoravel para SHORT"", ""EMAs alinhadas para baixa - tendencia bearish confirmada"", ""SHORT em estrutura favor\u00e1vel (RSI: 29.2, pre\u00e7o abaixo EMAs)"", ""TP/SL calculado com t\u00e9cnico+SMC (SL: SMC_OB+ATR, TP: ATR)""]"
31,2026-03-07T04:12:00.976000Z,OGNUSDT,SHORT,SET_SL,BUY,406.0,1,live,SL já existente na Binance (detecção de duplicidade),,0.02109642857142857,,0.0204,0.01963406,0.31097164,39.01078024616407,7.5,0.25,"[""[AVISO] Posi\u00e7\u00e3o em CROSS MARGIN - todo saldo da conta est\u00e1 em risco"", ""Exposi\u00e7\u00e3o da conta: 0.5% do saldo total"", ""Estrutura bearish com BOS confirmado - favoravel para SHORT"", ""EMAs alinhadas para baixa - tendencia bearish confirmada"", ""SHORT em estrutura favor\u00e1vel (RSI: 29.2, pre\u00e7o abaixo EMAs)"", ""TP/SL calculado com t\u00e9cnico+SMC (SL: SMC_OB+ATR, TP: ATR)""]"
30,2026-03-07T04:11:30.426000Z,OPUSDT,SHORT,SET_TP,BUY,61.5,1,live,TP já existente na Binance (detecção de duplicidade),,0.11887857142857142,,0.1276,0.11979365,0.48009052,65.16497258994268,7.5,0.25,"[""[AVISO] Posi\u00e7\u00e3o em CROSS MARGIN - todo saldo da conta est\u00e1 em risco"", ""Exposi\u00e7\u00e3o da conta: 0.4% do saldo total"", ""Estrutura bearish com BOS confirmado - favoravel para SHORT"", ""EMAs alinhadas para baixa - tendencia bearish confirmada"", ""SHORT em estrutura favor\u00e1vel (RSI: 21.9, pre\u00e7o abaixo EMAs)"", ""TP/SL calculado com t\u00e9cnico+SMC (SL: SMC_OB+ATR, TP: ATR)""]"
29,2026-03-07T04:11:29.930000Z,OPUSDT,SHORT,SET_SL,BUY,61.5,1,live,SL já existente na Binance (detecção de duplicidade),,0.12364709421655139,,0.1276,0.11979365,0.48009052,65.16497258994268,7.5,0.25,"[""[AVISO] Posi\u00e7\u00e3o em CROSS MARGIN - todo saldo da conta est\u00e1 em risco"", ""Exposi\u00e7\u00e3o da conta: 0.4% do saldo total"", ""Estrutura bearish com BOS confirmado - favoravel para SHORT"", ""EMAs alinhadas para baixa - tendencia bearish confirmada"", ""SHORT em estrutura favor\u00e1vel (RSI: 21.9, pre\u00e7o abaixo EMAs)"", ""TP/SL calculado com t\u00e9cnico+SMC (SL: SMC_OB+ATR, TP: ATR)""]"
28,2026-03-07T04:11:03.033000Z,BNBUSDT,SHORT,SET_SL,BUY,0.01,1,live,SL já existente na Binance (detecção de duplicidade),,652.570769218203,,654.78,625.42544932,0.2935455,46.93533023306939,8.25,0.17500000000000004,"[""[AVISO] Posi\u00e7\u00e3o em CROSS MARGIN - todo saldo da conta est\u00e1 em risco"", ""Exposi\u00e7\u00e3o da conta: 0.4% do saldo total"", ""Estrutura bearish com BOS confirmado - favoravel para SHORT"", ""SHORT em estrutura favor\u00e1vel (RSI: 22.6, pre\u00e7o abaixo EMAs)"", ""TP/SL calculado com t\u00e9cnico+SMC (SL: SMC_OB+ATR, TP: ATR)""]"
27,2026-03-07T04:10:28.307000Z,TWTUSDT,SHORT,SET_TP,BUY,25.0,1,live,TP já existente na Binance (detecção de duplicidade),,0.4729156198517298,,0.5003,0.48571875,0.36453125,30.0199446696262,8.25,0.17500000000000004,"[""[AVISO] Posi\u00e7\u00e3o em CROSS MARGIN - todo saldo da conta est\u00e1 em risco"", ""Exposi\u00e7\u00e3o da conta: 0.7% do saldo total"", ""EMAs alinhadas para baixa - tendencia bearish confirmada"", ""SHORT em estrutura favor\u00e1vel (RSI: 36.7, pre\u00e7o abaixo EMAs)"", ""TP/SL calculado com t\u00e9cnico+SMC (SL: SMC_OB+ATR, TP: SMC_LIQUIDITY_SSL)""]"
26,2026-03-07T04:10:27.972000Z,TWTUSDT,SHORT,SET_SL,BUY,25.0,1,live,SL já existente na Binance (detecção de duplicidade),,0.49485909947561185,,0.5003,0.48571875,0.36453125,30.0199446696262,8.25,0.17500000000000004,"[""[AVISO] Posi\u00e7\u00e3o em CROSS MARGIN - todo saldo da conta est\u00e1 em risco"", ""Exposi\u00e7\u00e3o da conta: 0.7% do saldo total"", ""EMAs alinhadas para baixa - tendencia bearish confirmada"", ""SHORT em estrutura favor\u00e1vel (RSI: 36.7, pre\u00e7o abaixo EMAs)"", ""TP/SL calculado com t\u00e9cnico+SMC (SL: SMC_OB+ATR, TP: SMC_LIQUIDITY_SSL)""]"
25,2026-03-07T03:58:13.488000Z,BTCUSDT,SHORT,SET_TP,BUY,0.002,1,live,TP de proteção criado no modo adoção,,67229.57142857143,,70800.0,68110.1,5.3798,39.49340846658572,8.25,0.17500000000000004,"[""[AVISO] Posi\u00e7\u00e3o em CROSS MARGIN - todo saldo da conta est\u00e1 em risco"", ""Exposi\u00e7\u00e3o da conta: 8.1% do saldo total"", ""Estrutura bearish com BOS confirmado - favoravel para SHORT"", ""SHORT em estrutura favor\u00e1vel (RSI: 14.1, pre\u00e7o abaixo EMAs)"", ""TP/SL calculado com t\u00e9cnico+SMC (SL: SMC_OB+ATR, TP: ATR)""]"
24,2026-03-07T03:58:12.873000Z,BTCUSDT,SHORT,SET_SL,BUY,0.002,1,live,SL de proteção criado no modo adoção,,69264.27142857145,,70800.0,68110.1,5.3798,39.49340846658572,8.25,0.17500000000000004,"[""[AVISO] Posi\u00e7\u00e3o em CROSS MARGIN - todo saldo da conta est\u00e1 em risco"", ""Exposi\u00e7\u00e3o da conta: 8.1% do saldo total"", ""Estrutura bearish com BOS confirmado - favoravel para SHORT"", ""SHORT em estrutura favor\u00e1vel (RSI: 14.1, pre\u00e7o abaixo EMAs)"", ""TP/SL calculado com t\u00e9cnico+SMC (SL: SMC_OB+ATR, TP: ATR)""]"
23,2026-03-07T03:57:47.423000Z,ZENUSDT,SHORT,SET_SL,BUY,1.8,1,live,SL de proteção criado no modo adoção,,5.643355817412881,,5.849,5.35345,0.89199,92.56647582400134,9.0,0.09999999999999998,"[""[AVISO] Posi\u00e7\u00e3o em CROSS MARGIN - todo saldo da conta est\u00e1 em risco"", ""Exposi\u00e7\u00e3o da conta: 0.6% do saldo total"", ""SHORT em estrutura favor\u00e1vel (RSI: 18.1, pre\u00e7o abaixo EMAs)"", ""TP/SL calculado com t\u00e9cnico+SMC (SL: SMC_OB+ATR, TP: ATR)""]"
22,2026-03-07T03:57:20.089000Z,ANKRUSDT,SHORT,SET_TP,BUY,2849.0,1,live,TP de proteção criado no modo adoção,,0.00408957864010989,,0.004203,0.00436755,-0.46880295,-37.67558470996325,10.0,0.9,"[""[AVISO] Posi\u00e7\u00e3o em CROSS MARGIN - todo saldo da conta est\u00e1 em risco"", ""Exposi\u00e7\u00e3o da conta: 0.7% do saldo total"", ""PnL excedeu stop loss m\u00e1ximo (-37.68% < -3.0%)"", ""TP/SL calculado com t\u00e9cnico+SMC (SL: SMC_OB+ATR, TP: SMC_LIQUIDITY_SSL)""]"
21,2026-03-07T03:57:19.771000Z,ANKRUSDT,SHORT,SET_SL,BUY,2849.0,1,live,SL de proteção criado no modo adoção,,0.0045199285714285714,,0.004203,0.00436755,-0.46880295,-37.67558470996325,10.0,0.9,"[""[AVISO] Posi\u00e7\u00e3o em CROSS MARGIN - todo saldo da conta est\u00e1 em risco"", ""Exposi\u00e7\u00e3o da conta: 0.7% do saldo total"", ""PnL excedeu stop loss m\u00e1ximo (-37.68% < -3.0%)"", ""TP/SL calculado com t\u00e9cnico+SMC (SL: SMC_OB+ATR, TP: SMC_LIQUIDITY_SSL)""]"
20,2026-03-07T03:56:52.161000Z,BELUSDT,SHORT,SET_TP,BUY,102.0,1,live,TP de proteção criado no modo adoção,,0.09133571428571428,,0.0989,0.096,0.2958,30.208333333333336,9.0,0.09999999999999998,"[""[AVISO] Posi\u00e7\u00e3o em CROSS MARGIN - todo saldo da conta est\u00e1 em risco"", ""Exposi\u00e7\u00e3o da conta: 0.6% do saldo total"", ""SHORT em estrutura favor\u00e1vel (RSI: 39.6, pre\u00e7o abaixo EMAs)"", ""TP/SL calculado com t\u00e9cnico+SMC (SL: SMC_OB+ATR, TP: ATR)""]"
19,2026-03-07T03:56:51.469000Z,BELUSDT,SHORT,SET_SL,BUY,102.0,1,live,SL de proteção criado no modo adoção,,0.0989107142857143,,0.0989,0.096,0.2958,30.208333333333336,9.0,0.09999999999999998,"[""[AVISO] Posi\u00e7\u00e3o em CROSS MARGIN - todo saldo da conta est\u00e1 em risco"", ""Exposi\u00e7\u00e3o da conta: 0.6% do saldo total"", ""SHORT em estrutura favor\u00e1vel (RSI: 39.6, pre\u00e7o abaixo EMAs)"", ""TP/SL calculado com t\u00e9cnico+SMC (SL: SMC_OB+ATR, TP: ATR)""]"
18,2026-03-07T03:56:22.754000Z,XRPUSDT,SHORT,SET_SL,BUY,7.8,1,live,SL de proteção criado no modo adoção,,1.38296281347565,,1.4532,1.36543802,0.68454344,64.27386538363675,7.5,0.25,"[""[AVISO] Posi\u00e7\u00e3o em CROSS MARGIN - todo saldo da conta est\u00e1 em risco"", ""Exposi\u00e7\u00e3o da conta: 0.6% do saldo total"", ""Estrutura bearish com BOS confirmado - favoravel para SHORT"", ""EMAs alinhadas para baixa - tendencia bearish confirmada"", ""SHORT em estrutura favor\u00e1vel (RSI: 22.7, pre\u00e7o abaixo EMAs)"", ""TP/SL calculado com t\u00e9cnico+SMC (SL: SMC_OB+ATR, TP: ATR)""]"
17,2026-03-07T03:55:53.059000Z,ATAUSDT,SHORT,SET_TP,BUY,550.0,1,live,TP de proteção criado no modo adoção,,0.011085714285714286,,0.0119,0.01131313,0.3227785,51.8751220926481,10.0,0.92,"[""[AVISO] Posi\u00e7\u00e3o em CROSS MARGIN - todo saldo da conta est\u00e1 em risco"", ""Exposi\u00e7\u00e3o da conta: 0.4% do saldo total"", ""[UPGRADE] Mudan\u00e7a de dire\u00e7\u00e3o detectada (bullish) contra posi\u00e7\u00e3o SHORT - CLOSE 100% obrigat\u00f3rio"", ""[AVISO] Estrutura bullish contra posicao SHORT"", ""SHORT em estrutura favor\u00e1vel (RSI: 11.8, pre\u00e7o abaixo EMAs)"", ""TP/SL calculado com t\u00e9cnico+SMC (SL: SMC_OB+ATR, TP: ATR)""]"
16,2026-03-07T03:55:52.744000Z,ATAUSDT,SHORT,SET_SL,BUY,550.0,1,live,SL de proteção criado no modo adoção,,0.012099599551201011,,0.0119,0.01131313,0.3227785,51.8751220926481,10.0,0.92,"[""[AVISO] Posi\u00e7\u00e3o em CROSS MARGIN - todo saldo da conta est\u00e1 em risco"", ""Exposi\u00e7\u00e3o da conta: 0.4% do saldo total"", ""[UPGRADE] Mudan\u00e7a de dire\u00e7\u00e3o detectada (bullish) contra posi\u00e7\u00e3o SHORT - CLOSE 100% obrigat\u00f3rio"", ""[AVISO] Estrutura bullish contra posicao SHORT"", ""SHORT em estrutura favor\u00e1vel (RSI: 11.8, pre\u00e7o abaixo EMAs)"", ""TP/SL calculado com t\u00e9cnico+SMC (SL: SMC_OB+ATR, TP: ATR)""]"
15,2026-03-07T03:55:28.315000Z,KNCUSDT,SHORT,CLOSE,BUY,58.0,1,live,Ordem executada com sucesso - ID: 9895008063,9895008063,0.0,0.0,0.1388,0.12864655,0.5889001,78.92516355860302,10.0,0.92,"[""[AVISO] Posi\u00e7\u00e3o em CROSS MARGIN - todo saldo da conta est\u00e1 em risco"", ""Exposi\u00e7\u00e3o da conta: 0.4% do saldo total"", ""[UPGRADE] Mudan\u00e7a de dire\u00e7\u00e3o detectada (bullish) contra posi\u00e7\u00e3o SHORT - CLOSE 100% obrigat\u00f3rio"", ""[AVISO] Estrutura bullish contra posicao SHORT"", ""EMAs alinhadas para baixa - tendencia bearish confirmada"", ""SHORT em estrutura favor\u00e1vel (RSI: 15.6, pre\u00e7o abaixo EMAs)"", ""TP/SL calculado com t\u00e9cnico+SMC (SL: SMC_OB+ATR, TP: ATR)""]"
14,2026-03-07T03:55:16.386000Z,KNCUSDT,SHORT,SET_SL,BUY,58.0,1,live,SL de proteção criado no modo adoção,,0.13271785714285714,,0.1388,0.1287,0.5858,78.47707847707846,10.0,0.92,"[""[AVISO] Posi\u00e7\u00e3o em CROSS MARGIN - todo saldo da conta est\u00e1 em risco"", ""Exposi\u00e7\u00e3o da conta: 0.4% do saldo total"", ""[UPGRADE] Mudan\u00e7a de dire\u00e7\u00e3o detectada (bullish) contra posi\u00e7\u00e3o SHORT - CLOSE 100% obrigat\u00f3rio"", ""[AVISO] Estrutura bullish contra posicao SHORT"", ""EMAs alinhadas para baixa - tendencia bearish confirmada"", ""SHORT em estrutura favor\u00e1vel (RSI: 15.6, pre\u00e7o abaixo EMAs)"", ""TP/SL calculado com t\u00e9cnico+SMC (SL: SMC_OB+ATR, TP: ATR)""]"
13,2026-03-07T03:54:45.924000Z,OGNUSDT,SHORT,SET_TP,BUY,406.0,1,live,TP de proteção criado no modo adoção,,0.01892142857142857,,0.0204,0.01965174,0.30379356,38.07601769614294,7.5,0.25,"[""[AVISO] Posi\u00e7\u00e3o em CROSS MARGIN - todo saldo da conta est\u00e1 em risco"", ""Exposi\u00e7\u00e3o da conta: 0.5% do saldo total"", ""Estrutura bearish com BOS confirmado - favoravel para SHORT"", ""EMAs alinhadas para baixa - tendencia bearish confirmada"", ""SHORT em estrutura favor\u00e1vel (RSI: 26.9, pre\u00e7o abaixo EMAs)"", ""TP/SL calculado com t\u00e9cnico+SMC (SL: SMC_OB+ATR, TP: ATR)""]"
12,2026-03-07T03:54:45.617000Z,OGNUSDT,SHORT,SET_SL,BUY,406.0,1,live,SL de proteção criado no modo adoção,,0.021139285714285715,,0.0204,0.01965174,0.30379356,38.07601769614294,7.5,0.25,"[""[AVISO] Posi\u00e7\u00e3o em CROSS MARGIN - todo saldo da conta est\u00e1 em risco"", ""Exposi\u00e7\u00e3o da conta: 0.5% do saldo total"", ""Estrutura bearish com BOS confirmado - favoravel para SHORT"", ""EMAs alinhadas para baixa - tendencia bearish confirmada"", ""SHORT em estrutura favor\u00e1vel (RSI: 26.9, pre\u00e7o abaixo EMAs)"", ""TP/SL calculado com t\u00e9cnico+SMC (SL: SMC_OB+ATR, TP: ATR)""]"
11,2026-03-07T03:54:19.311000Z,OPUSDT,SHORT,SET_TP,BUY,61.5,1,live,TP de proteção criado no modo adoção,,0.11819285714285713,,0.1276,0.11995392,0.47023392,63.74181018844569,7.5,0.25,"[""[AVISO] Posi\u00e7\u00e3o em CROSS MARGIN - todo saldo da conta est\u00e1 em risco"", ""Exposi\u00e7\u00e3o da conta: 0.4% do saldo total"", ""Estrutura bearish com BOS confirmado - favoravel para SHORT"", ""EMAs alinhadas para baixa - tendencia bearish confirmada"", ""SHORT em estrutura favor\u00e1vel (RSI: 19.5, pre\u00e7o abaixo EMAs)"", ""TP/SL calculado com t\u00e9cnico+SMC (SL: SMC_OB+ATR, TP: ATR)""]"
10,2026-03-07T03:54:18.712000Z,OPUSDT,SHORT,SET_SL,BUY,61.5,1,live,SL de proteção criado no modo adoção,,0.12412077874285714,,0.1276,0.11995392,0.47023392,63.74181018844569,7.5,0.25,"[""[AVISO] Posi\u00e7\u00e3o em CROSS MARGIN - todo saldo da conta est\u00e1 em risco"", ""Exposi\u00e7\u00e3o da conta: 0.4% do saldo total"", ""Estrutura bearish com BOS confirmado - favoravel para SHORT"", ""EMAs alinhadas para baixa - tendencia bearish confirmada"", ""SHORT em estrutura favor\u00e1vel (RSI: 19.5, pre\u00e7o abaixo EMAs)"", ""TP/SL calculado com t\u00e9cnico+SMC (SL: SMC_OB+ATR, TP: ATR)""]"
9,2026-03-07T03:53:53.641000Z,BNBUSDT,SHORT,SET_SL,BUY,0.01,1,live,SL de proteção criado no modo adoção,,655.40522326662,,654.78,626.71187573,0.28068124,44.786328593671506,8.25,0.17500000000000004,"[""[AVISO] Posi\u00e7\u00e3o em CROSS MARGIN - todo saldo da conta est\u00e1 em risco"", ""Exposi\u00e7\u00e3o da conta: 0.4% do saldo total"", ""Estrutura bearish com BOS confirmado - favoravel para SHORT"", ""SHORT em estrutura favor\u00e1vel (RSI: 21.5, pre\u00e7o abaixo EMAs)"", ""TP/SL calculado com t\u00e9cnico+SMC (SL: SMC_OB+ATR, TP: ATR)""]"
8,2026-03-07T03:53:28.951000Z,TWTUSDT,SHORT,SET_TP,BUY,25.0,1,live,TP de proteção criado no modo adoção,,0.4728,,0.5003,0.4879,0.31,25.415044066407056,8.25,0.17500000000000004,"[""[AVISO] Posi\u00e7\u00e3o em CROSS MARGIN - todo saldo da conta est\u00e1 em risco"", ""Exposi\u00e7\u00e3o da conta: 0.7% do saldo total"", ""EMAs alinhadas para baixa - tendencia bearish confirmada"", ""SHORT em estrutura favor\u00e1vel (RSI: 36.8, pre\u00e7o abaixo EMAs)"", ""TP/SL calculado com t\u00e9cnico+SMC (SL: SMC_OB+ATR, TP: SMC_LIQUIDITY_SSL)""]"
7,2026-03-07T03:53:28.627000Z,TWTUSDT,SHORT,SET_SL,BUY,25.0,1,live,SL de proteção criado no modo adoção,,0.4979178571428572,,0.5003,0.4879,0.31,25.415044066407056,8.25,0.17500000000000004,"[""[AVISO] Posi\u00e7\u00e3o em CROSS MARGIN - todo saldo da conta est\u00e1 em risco"", ""Exposi\u00e7\u00e3o da conta: 0.7% do saldo total"", ""EMAs alinhadas para baixa - tendencia bearish confirmada"", ""SHORT em estrutura favor\u00e1vel (RSI: 36.8, pre\u00e7o abaixo EMAs)"", ""TP/SL calculado com t\u00e9cnico+SMC (SL: SMC_OB+ATR, TP: SMC_LIQUIDITY_SSL)""]"
